0,MutationFreq
E 0.6730417964972601 | K 0.32545395938540883 ,0.32695820350273985
V 0.9912968733211561 ,0.00870312667884388
Q 0.997958525840765 ,0.0020414741592349843
L 0.993875577522295 ,0.006124422477704953
V 0.9614268829912969 | I 0.026539164070054796 ,0.038573117008703126
E 0.9958096056731492 ,0.0041903943268507575
S 0.9961319436982916 ,0.0038680563017083917
G 0.9886107231116364 ,0.011389276888363596
G 0.9724938218545182 | D 0.023100891801869562 ,0.027506178145481897
G 0.992371333404964 ,0.0076286665950359945
L 0.9984957558826689 ,0.0015042441173310412
V 0.9934457934887719 ,0.0065542065112281075
Q 0.996991511765338 ,0.0030084882346620824
P 0.992908563446868 ,0.007091436553132051
G 0.987321371011067 ,0.012678628988933061
G 0.9802299344579349 | D 0.017191361340926185 ,0.01977006554206511
S 0.9958096056731492 ,0.0041903943268507575
L 0.9945202535725798 ,0.005479746427420221
R 0.9945202535725798 ,0.005479746427420221
L 0.9963468357150532 ,0.0036531642849468144
S 0.994412807564199 ,0.00558719243580101
C 0.9835607607177393 | Y 0.011604168905125174 ,0.016439239282260664
A 0.9707746857204255 | V 0.013860535081121736 | T 0.010959492854840443 ,0.029225314279574515
V 0.9876437090362093 ,0.9968840657569571
S 0.997958525840765 ,0.0020414741592349843
G 0.9865692489524014 ,0.013430751047598583
S 0.9759320941227033 | N 0.0198775115504459 ,0.02406790587729666
T 0.9637906951756742 | I 0.03266358654775975 ,0.03620930482432578
S 0.9876437090362093 ,0.012356290963790695
S 0.9856022348769743 ,0.01439776512302568
I 0.996454281723434 ,0.0035457182765660255
R 0.950682282153218 | C 0.037928440958418394 ,0.04931771784678199
R 0.9286558504351563 | H 0.06672397120446975 ,0.07134414956484367
I 0.9962393897066724 ,0.003760610293327603
G 0.9818416245836468 | D 0.010744600838078865 ,0.018158375416353283
W 0.9972064037820995 ,0.002793596217900505
Y 0.9963468357150532 ,0.0036531642849468144
R 0.9945202535725798 ,0.005479746427420221
Q 0.9976361878156227 ,0.0023638121843773505
A 0.9698076716449984 ,0.030192328355001612
P 0.9761469861394649 | S 0.017083915332545396 ,0.02385301386053508
G 0.9917266573546792 ,0.008273342645320727
K 0.9986032018910498 ,0.0013967981089502526
G 0.9586332867733963 | R 0.038573117008703126 ,0.04136671322660363
R 0.8074567529816268 | H 0.17083915332545396 | C 0.010744600838078865 ,0.19254324701837328
E 0.9946276995809605 ,0.0053723004190394325
L 0.9972064037820995 ,0.002793596217900505
V 0.9768991081981304 | M 0.016224347265499088 ,0.023100891801869562
A 0.9456323197593209 | T 0.04426775545288492 ,0.05436768024067906
H 0.9432685075749436 | R 0.0359944128075642 | Y 0.01600945524873751 ,0.9640055871924358
F 0.996454281723434 ,0.0035457182765660255
S 0.9904373052541098 ,0.00956269474589019
S 0.9940904695390567 ,0.005909530460943376
G 0.9933383474803911 ,0.006661652519608896
G 0.9809820565166004 ,0.01901794348339959
G 0.9335983668206727 | R 0.062533576877619 ,0.06640163317932739
T 0.9474589019017944 | M 0.04953260986354357 ,0.05254109809820565
N 0.9967766197485763 ,0.0032233802514236598
Y 0.9974212957988611 ,0.002578704201138928
A 0.9742129579886107 | E 0.013323305039217793 ,0.025787042011389278
D 0.9960244976899109 ,0.003975502310089181
S 0.9965617277318147 ,0.003438272268185237
V 0.9928011174384872 ,0.00719888256151284
K 0.996454281723434 ,0.0035457182765660255
G 0.9801224884495541 | D 0.010099924787794133 ,0.0198775115504459
R 0.977651230256796 | H 0.01676157730740303 ,0.02234876974320404
F 0.9852798968518319 ,0.014720103148168046
T 0.9958096056731492 ,0.0041903943268507575
I 0.994412807564199 ,0.00558719243580101
S 0.9935532394971527 ,0.0064467605028473195
G 0.982701192650693 ,0.01729880734930697
D 0.9954872676480069 ,0.004512732351993123
N 0.9943053615558182 ,0.005694638444181798
S 0.988825615128398 ,0.01117438487160202
K 0.996991511765338 ,0.0030084882346620824
N 0.9963468357150532 ,0.0036531642849468144
I 0.7687761899645428 | T 0.22810787579241432 ,0.7718921242075857
M 0.9699151176533791 | I 0.027613624153862683 ,0.030084882346620823
Y 0.9984957558826689 ,0.0015042441173310412
L 0.9984957558826689 ,0.0015042441173310412
Q 0.9902224132373483 ,0.009777586762651768
M 0.9918341033630601 ,0.008165896636939937
N 0.997958525840765 ,0.0020414741592349843
S 0.9977436338240034 ,0.0022563661759965616
L 0.9988180939078113 ,0.0011819060921886752
R 0.9973138497904803 ,0.0026861502095197162
A 0.9514344042118835 | V 0.04308584936069625 ,0.04856559578811647
E 0.9945202535725798 ,0.005479746427420221
D 0.9978510798323842 ,0.002148920167615773
T 0.9909745352960138 ,0.009025464703986246
A 0.9761469861394649 | V 0.013430751047598583 ,0.02385301386053508
V 0.9658321693349092 | G 0.02148920167615773 ,0.03416783066509079
Y 0.9902224132373483 ,0.009777586762651768
Y 0.9864618029440206 ,0.01353819705597937
C 0.9332760287955303 | S 0.040829483184699686 | Y 0.019555173525303535 ,0.06672397120446975
S 0.9883958310948748 ,0.011604168905125174
A 0.9511120661867412 | P 0.026861502095197165 | T 0.010207370796174921 ,0.04888793381325884
R 0.9911894273127754 ,0.00881057268722467
R 0.9564843666057806 | H 0.020951971634253788 | C 0.010959492854840443 ,0.043515633394219405
L 0.9910819813043945 ,0.008918018695605458
L 0.9887181691200172 ,0.011281830879982808
G 0.9608896529493929 | D 0.02632427205329322 ,0.03911034705060707
T 0.9467067798431288 | M 0.0359944128075642 ,0.05329322015687117
S 0.9953798216396261 ,0.004620178360373912
R 0.986784140969163 ,0.013215859030837005
V 0.8822391748146556 | G 0.10046201783603739 | I 0.0104222628129365 ,0.11776082518534436
D 0.9750725260556571 ,0.024927473944342967
Y 0.9732459439131836 | N 0.02213387772644246 ,0.026754056086816375
W 0.9829160846674546 ,0.017083915332545396
G 0.9727087138712797 | R 0.020844525625873 ,0.027291286128720317
Q 0.9817341785752659 ,0.018265821424734072
G 0.9556247985387343 | A 0.02073707961749221 | R 0.01439776512302568 ,0.044375201461265716
T 0.982701192650693 ,0.01729880734930697
T 0.9320941227033416 | I 0.047383689695927794 ,0.06790587729665842
V 0.9597077468572043 | M 0.014182873106264102 | E 0.010637154829698077 ,0.04029225314279575
T 0.9687332115611905 | M 0.011711614913505964 ,0.0312667884388095
V 0.9457397657677017 | M 0.030944450413667134 | G 0.013000967014075427 ,0.05426023423229827
S 0.9394004512732352 | G 0.03685398087461051 | N 0.010744600838078865 ,0.0605995487267648
S 0.9663693993768131 | T 0.017083915332545396 ,0.033630600623186846
